
{"feature_importance": {"Target_trend": 0.16791358115518001, "minutes": 0.0042837108436169485, "hours": 0.21619539722965064, "dayofweek": 0.018329711889271225, "month": 0.00141293250654214, "quarter": 0.0, "lag1_Target": 0.07085858478368591, "lag2_Target": 0.07502563625087405, "lag3_Target": 0.06055140754816255, "lag4_Target": 0.051632224600685325, "lag5_Target": 0.030310732372314915, "lag6_Target": 0.04327563102168343, "lag7_Target": 0.042974413581073366, "lag8_Target": 0.053793520999379923, "lag9_Target": 0.03533143495046562, "lag10_Target": 0.025792751178861067, "Target_cos_8552": 0.05701766043969088, "Target_sin_8552": 0.042048531357894714, "anomaly": 0.0032521372909671948}}