
{"feature_importance": {"Target_trend": 0.01561066507577666, "minutes": 0.006392936471433933, "hours": 0.007756915500848089, "dayofweek": 0.815906761306789, "month": 0.0008913089750932489, "quarter": 0.0, "lag1_Target": 0.015791458955981913, "lag2_Target": 0.02281110201090096, "lag3_Target": 0.032916156566713116, "lag4_Target": 0.012952530526950681, "lag5_Target": 0.017966641856893274, "lag6_Target": 0.009873238488900718, "lag7_Target": 0.014612845634412413, "Target_cos_1036": 0.012839121771054967, "Target_sin_1036": 0.01222461364650054, "anomaly": 0.0014537032117505027}}