
{"feature_importance": {"Target_trend": 0.011121541908462245, "minutes": 0.003039038296140419, "hours": 0.007993660533029636, "dayofweek": 0.7562357767031455, "month": 0.0, "quarter": 0.0, "lag1_Target": 0.05938836808354158, "lag2_Target": 0.04674953367503254, "lag3_Target": 0.024838114229683433, "lag4_Target": 0.03581648327493689, "lag5_Target": 0.007417145671853392, "lag6_Target": 0.009600227829118325, "lag7_Target": 0.01247905421830299, "Target_cos_1036": 0.010152979137455552, "Target_sin_1036": 0.01493315018453008, "anomaly": 0.00023492625476764027}}