
{"feature_importance": {"Target_trend": 0.014472087487301673, "minutes": 0.004210033995323863, "hours": 0.007840221093243043, "dayofweek": 0.7493240921329393, "month": 0.0, "quarter": 0.0, "lag1_Target": 0.0746066777045016, "lag2_Target": 0.038196011187938535, "lag3_Target": 0.018271503752638436, "lag4_Target": 0.015079513478314035, "lag5_Target": 0.018212014430637028, "lag6_Target": 0.011186789636239418, "lag7_Target": 0.015738039088312325, "Target_cos_1036": 0.01398225462547895, "Target_sin_1036": 0.01668587407402451, "anomaly": 0.0021948873131074015}}