
{"feature_importance": {"Target_trend": 0.04557732061479356, "minutes": 0.003553934012922045, "hours": 0.005581010116261062, "dayofweek": 0.7538612924207636, "month": 0.01709678864093107, "quarter": 0.01908703579666198, "lag1_Target": 0.016827299655384043, "lag2_Target": 0.01762914728636087, "lag3_Target": 0.02779537778814779, "lag4_Target": 0.027184976743686064, "lag5_Target": 0.0210551990529164, "lag6_Target": 0.010162601320957967, "lag7_Target": 0.015210438797105605, "Target_cos_1036": 0.008866945105040077, "Target_sin_1036": 0.009535145570813225, "anomaly": 0.0009754870772547598}}