
{"feature_importance": {"Target_trend": 0.013859439450945038, "minutes": 0.004994143637376777, "hours": 0.008068843988923036, "dayofweek": 0.743847276089216, "month": 0.0008937454735762222, "quarter": 0.0, "lag1_Target": 0.08872727340267962, "lag2_Target": 0.019191891218881228, "lag3_Target": 0.014990324512231042, "lag4_Target": 0.02202128825589922, "lag5_Target": 0.015809731132633446, "lag6_Target": 0.021919664343447737, "lag7_Target": 0.016340701172919858, "Target_cos_1036": 0.013972609475560876, "Target_sin_1036": 0.014360319985473591, "anomaly": 0.0010027478602363945}}