
{"feature_importance": {"Target_trend": 0.07185868513518866, "minutes": 0.023846751219312914, "hours": 0.050401333494131215, "dayofweek": 0.020971584583041672, "month": 0.004589593994561584, "quarter": 0.0, "lag1_Target": 0.08030019113697916, "lag2_Target": 0.07915981805273527, "lag3_Target": 0.08874505893327467, "lag4_Target": 0.06779821071989035, "lag5_Target": 0.07359721693562381, "lag6_Target": 0.07238676809446089, "lag7_Target": 0.07296262948006305, "Target_cos_6219": 0.07019282629499816, "Target_sin_6219": 0.06853203244367209, "Target_cos_327": 0.0655399068086692, "Target_sin_327": 0.08237628791020195, "anomaly": 0.006741104763195383}}