
{"Target": {"optimal_lags": 23, "stationary": 0, "seasonality": [0.0010149708195889369, 0.04161380360314641, 0.0002537427048972342, 0.0025374270489723423, 0.014717076884039585, 0.003552397868561279, 0.008373509261608729, 0.011925907130170008, 0.005836082212636387, 0.007866023851814261]}, "Temperature(\u00b0C)": {"optimal_lags": 24, "stationary": 1, "seasonality": [0.0002537427048972342, 0.0007612281146917026, 0.04161380360314641]}, "Humidity(%)": {"optimal_lags": 24, "stationary": 0, "seasonality": [0.04161380360314641, 0.009134737376300432, 0.0002537427048972342, 0.0020299416391778738, 0.012179649835067242, 0.002283684344075108, 0.003552397868561279]}, "Wind speed (m/s)": {"optimal_lags": 2, "stationary": 0, "seasonality": [0.04161380360314641, 0.005836082212636387, 0.009134737376300432, 0.0065973103273280894, 0.005074854097944685, 0.009895965490992135]}, "Visibility (10m)": {"optimal_lags": 2, "stationary": 0, "seasonality": [0.0002537427048972342, 0.0017761989342806395, 0.0012687135244861712, 0.0005074854097944684, 0.0053285968028419185, 0.014209591474245116, 0.0015224562293834052, 0.0025374270489723423, 0.012179649835067242, 0.0030449124587668104]}, "Dew point temperature(\u00b0C)": {"optimal_lags": 2, "stationary": 1, "seasonality": [0.0002537427048972342, 0.0007612281146917026, 0.0030449124587668104]}, "Solar Radiation (MJ/m2)": {"optimal_lags": 24, "stationary": 0, "seasonality": [0.04161380360314641, 0.08322760720629283, 0.0002537427048972342]}, "Rainfall(mm)": {"optimal_lags": 4, "stationary": 0, "seasonality": [0.0007612281146917026, 0.0012687135244861712, 0.0020299416391778738, 0.0065973103273280894, 0.009895965490992135, 0.0025374270489723423, 0.005074854097944685, 0.014717076884039585, 0.007358538442019793, 0.008627251966505963]}, "Snowfall (cm)": {"optimal_lags": 12, "stationary": 0, "seasonality": [0.0002537427048972342, 0.0038061405734585133, 0.0010149708195889369, 0.005836082212636387, 0.0020299416391778738, 0.00482111139304745, 0.006851053032225324, 0.0096422227860949, 0.011164679015478306]}}