
{"Target": {"optimal_lags": 8, "stationary": 0, "seasonality": [0.0003508771929824561, 0.002807017543859649, 0.0010526315789473684, 0.003157894736842105, 0.0007017543859649122]}}