
{"Target": {"optimal_lags": 5, "stationary": 0, "seasonality": [0.006060606060606061, 0.0002525252525252525, 0.00101010101010101, 0.00025258903763576663, 0.005809547865622633, 0.01338721899469563]}}