
{"Target": {"optimal_lags": 22, "stationary": 0, "seasonality": [0.002807017543859649, 0.0028089887640449437, 0.0007022471910112359]}}