{}
{"Target": {"optimal_lags": 2, "stationary": 0, "seasonality": [0.006952982575147327, 4.239623521431297e-05, 0.013905965150294654, 0.013863568915080341, 0.02081655149022767, 0.02085894772544198]}, "Temperature": {"optimal_lags": 2, "stationary": 0, "seasonality": [4.239623521431297e-05, 0.006952982575147327, 0.00021198117607156486, 0.00038156611692881674, 0.0004663585873574427]}, "Humidity": {"optimal_lags": 2, "stationary": 0, "seasonality": [0.006952982575147327, 4.239623521431297e-05, 0.0006359435282146946, 0.0002543774112858778, 0.0001271887056429389, 0.00038156611692881674, 0.001356679526858015, 0.0010175096451435113, 0.00021198117607156486, 0.0011870945860007632]}, "Wind Speed": {"optimal_lags": 2, "stationary": 0, "seasonality": [4.239623521431297e-05, 0.0002543774112858778, 0.0001271887056429389, 0.0008479247042862594, 0.00038156611692881674, 0.0005935472930003816, 0.0007207359986433205, 0.0004663585873574427, 0.0010175096451435113, 0.0009327171747148854]}, "general diffuse flows": {"optimal_lags": 1, "stationary": 0, "seasonality": [0.006952982575147327]}, "diffuse flows": {"optimal_lags": 1, "stationary": 0, "seasonality": [0.006952982575147327, 0.02081655149022767]}, "Zone 2  Power Consumption": {"optimal_lags": 2, "stationary": 0, "seasonality": [0.006952982575147327, 0.013905965150294654, 0.013863568915080341, 4.239623521431297e-05, 0.0009751134099291983]}, "Zone 3  Power Consumption": {"optimal_lags": 2, "stationary": 0, "seasonality": [4.239623521431297e-05, 0.006952982575147327, 0.00016958494085725188, 0.013905965150294654, 0.013863568915080341, 0.02081655149022767]}}
{"Target": {"optimal_lags": 2, "stationary": 0, "seasonality": [0.006952982575147327, 4.239623521431297e-05, 0.013905965150294654, 0.013863568915080341, 0.02081655149022767, 0.02085894772544198]}, "Temperature": {"optimal_lags": 2, "stationary": 0, "seasonality": [4.239623521431297e-05, 0.006952982575147327, 0.00021198117607156486, 0.00038156611692881674, 0.0004663585873574427]}, "Humidity": {"optimal_lags": 2, "stationary": 0, "seasonality": [0.006952982575147327, 4.239623521431297e-05, 0.0006359435282146946, 0.0002543774112858778, 0.0001271887056429389, 0.00038156611692881674, 0.001356679526858015, 0.0010175096451435113, 0.00021198117607156486, 0.0011870945860007632]}, "Wind Speed": {"optimal_lags": 2, "stationary": 0, "seasonality": [4.239623521431297e-05, 0.0002543774112858778, 0.0001271887056429389, 0.0008479247042862594, 0.00038156611692881674, 0.0005935472930003816, 0.0007207359986433205, 0.0004663585873574427, 0.0010175096451435113, 0.0009327171747148854]}, "general diffuse flows": {"optimal_lags": 1, "stationary": 0, "seasonality": [0.006952982575147327]}, "diffuse flows": {"optimal_lags": 1, "stationary": 0, "seasonality": [0.006952982575147327, 0.02081655149022767]}, "Zone 2  Power Consumption": {"optimal_lags": 2, "stationary": 0, "seasonality": [0.006952982575147327, 0.013905965150294654, 0.013863568915080341, 4.239623521431297e-05, 0.0009751134099291983]}, "Zone 3  Power Consumption": {"optimal_lags": 2, "stationary": 0, "seasonality": [4.239623521431297e-05, 0.006952982575147327, 0.00016958494085725188, 0.013905965150294654, 0.013863568915080341, 0.02081655149022767]}}