
{"Target": {"optimal_lags": 8, "stationary": 1, "seasonality": [0.001072041166380789, 0.0002144082332761578, 0.0008576329331046312, 0.12154340836012861, 0.1697749196141479, 0.233704974271012, 0.02422293676312969, 0.07738478027867095, 0.4748124330117899, 0.024013722126929673]}}