
{"Target": {"optimal_lags": 7, "stationary": 1, "seasonality": [0.00016079755587715066, 0.003055153561665863]}, "server_round": 2}