
{"Target": {"optimal_lags": 9, "stationary": 0, "seasonality": [0.003087285994948078, 0.000280662363177098, 0.0028066236317709796]}}