
{"Target": {"optimal_lags": 7, "stationary": 1, "seasonality": [0.0009649404953361209, 0.0009646302250803859]}, "server_round": 2}