
{"Target": {"optimal_lags": 20, "stationary": 1, "seasonality": [0.0030864197530864196, 0.003088803088803089, 0.0007722007722007722]}}