
{"Target": {"seasonality": {"freq": [0.0009649404953361209], "spectrum": [603.6108397929293]}, "stationary": 1, "optimal_lags": 6}}