
{"Target": {"seasonality": {"freq": [0.001072041166380789], "spectrum": [214.32752238630678]}, "stationary": 1, "optimal_lags": 6}}