
{"Target": {"seasonality": {"freq": [0.0009649404953361209], "spectrum": [588.3801121726768]}, "stationary": 1, "optimal_lags": 5}}