
{"Target": {"seasonality": {"freq": [0.0009649404953361209], "spectrum": [598.0111919023118]}, "stationary": 1, "optimal_lags": 5}}