
{"Target": {"seasonality": {"freq": [0.002807017543859649], "spectrum": [94.16073328051998]}, "stationary": 0, "optimal_lags": 5}}