
{"Target": {"seasonality": {"freq": [0.0009649404953361209], "spectrum": [120.64747207551021]}, "stationary": 1, "optimal_lags": 7}}