
{"Target": {"seasonality": {"freq": [0.0002525252525252525, 0.00101010101010101, 0.006060606060606061], "spectrum": [45.2534037380584, 8.093524485015273, 74.76135737974893]}, "stationary": 0, "optimal_lags": 5}} 1}}