
{"Target": {"seasonality": {"freq": [0.00016079755587715066, 0.003055153561665863], "spectrum": [32.99696650241776, 2.666263687071815]}, "stationary": 1, "optimal_lags": 7}}