
{"Target": {"seasonality": {"freq": [0.0002537427048972342, 0.0010149708195889369, 0.0025374270489723423, 0.003552397868561279, 0.0040598832783557475, 0.005836082212636387, 0.007866023851814261, 0.008373509261608729, 0.010403450900786603, 0.013702106064450648, 0.014717076884039585, 0.022075615326059377, 0.04161380360314641, 0.08322760720629283], "spectrum": [877.7699763354556, 876.2035178260479, 458.73436800027133, 236.25565513814124, 147.53026163724044, 163.87566255918344, 163.52785011796925, 199.88556659743287, 150.8162509988997, 154.55551218903625, 255.60150379192564, 145.15213764783016, 664.5338532071601, 158.63675030901175]}, "stationary": 0, "optimal_lags": 23}, "Temperature(\u00b0C)": {"seasonality": {"freq": [0.0002537427048972342, 0.04161380360314641], "spectrum": [436.0684961124076, 68.05062175179664]}, "stationary": 1, "optimal_lags": 24}, "Humidity(%)": {"seasonality": {"freq": [0.0002537427048972342, 0.002283684344075108, 0.003552397868561279, 0.04161380360314641], "spectrum": [9.149951330228777, 11.21081004686243, 8.849798341489047, 103.39315539021673]}, "stationary": 0, "optimal_lags": 18}, "Wind speed (m/s)": {"seasonality": {"freq": [0.009895965490992135, 0.04161380360314641], "spectrum": [55.985748319498384, 659.0824145780421]}, "stationary": 0, "optimal_lags": 2}, "Visibility (10m)": {"seasonality": {"freq": [0.0002537427048972342, 0.0015224562293834052, 0.0025374270489723423, 0.003552397868561279, 0.005074854097944685, 0.006089824917533621, 0.009134737376300432, 0.011672164425272774, 0.04161380360314641], "spectrum": [131.9496452562202, 47.66661084360942, 37.68741600163339, 31.086865791407455, 15.566741671189844, 14.506859336097397, 15.303602015610139, 13.027999646586853, 26.999808640614482]}, "stationary": 0, "optimal_lags": 2}, "Dew point temperature(\u00b0C)": {"seasonality": {"freq": [0.0002537427048972342], "spectrum": [471.6966445344427]}, "stationary": 1, "optimal_lags": 0}, "Solar Radiation (MJ/m2)": {"seasonality": {"freq": [0.04161380360314641], "spectrum": [555.0988820098356]}, "stationary": 0, "optimal_lags": 22}, "Rainfall(mm)": {"seasonality": {"freq": [0.0007612281146917026, 0.0012687135244861712, 0.0020299416391778738, 0.0025374270489723423, 0.003552397868561279, 0.004313625983252981, 0.005074854097944685, 0.005836082212636387, 0.0065973103273280894, 0.007358538442019793, 0.007866023851814261, 0.008627251966505963, 0.009134737376300432, 0.009895965490992135, 0.014717076884039585, 0.015732047703628523, 0.016493275818320226, 0.028419182948490232, 0.033494037046434916, 0.03425526516112662, 0.035270235980715554, 0.04034509007866024, 0.04339000253742705, 0.044151230652118754], "spectrum": [7.508735203180775, 7.357969804855409, 5.696335332959449, 4.801453198825183, 3.080120305302838, 2.7736911885954227, 4.297437685662867, 3.273260061485248, 5.491696100017897, 4.165077178366465, 3.526424940886377, 6.026345398894974, 3.975134230017722, 5.386054902264712, 4.264815337209489, 3.647509665796315, 3.157601004418518, 2.89754194029812, 2.2657463874082433, 2.2759638805074944, 2.219022881047234, 2.1106821456285547, 2.167864951647274, 2.34485062941473]}, "stationary": 0, "optimal_lags": 3}}