
{"Target": {"seasonality": {"freq": [0.0009646302250803859], "spectrum": [156.221006922863]}, "stationary": 1, "optimal_lags": 7}}