{}
{"Target": {"seasonality": {"freq": [0.006952982575147327, 0.013863568915080341, 0.02081655149022767], "spectrum": [626.0429464949569, 86.95174427487954, 25.18528089180367]}, "stationary": 0, "optimal_lags": 2}, "Temperature": {"seasonality": {"freq": [4.239623521431297e-05, 0.00021198117607156486, 0.00038156611692881674, 0.0004663585873574427, 0.006952982575147327], "spectrum": [176923.0813507281, 22790.131476514383, 10573.185860040914, 13955.038355123852, 74430.87063607214]}, "stationary": 0, "optimal_lags": 2}, "Humidity": {"seasonality": {"freq": [0.0001271887056429389, 0.00021198117607156486, 0.00038156611692881674, 0.0005511510577860686, 0.0007207359986433205, 0.0010599058803578243, 0.001399075762072328, 0.0016534531733582059, 0.0017806418790011448, 0.0018654343494297707, 0.006825793869504389, 0.006952982575147327, 0.013905965150294654], "spectrum": [44.779165131235565, 42.99278421080147, 28.53010060706685, 21.75477527624011, 27.073753333462523, 14.144802983794895, 12.176110911563187, 21.89055551582683, 10.844814217879314, 12.525409184128154, 12.464639123624677, 251.43272364946284, 15.056693580706707]}, "stationary": 0, "optimal_lags": 2}, "Wind Speed": {"seasonality": {"freq": [0.0001271887056429389, 0.0002543774112858778, 0.00033916988171450377, 0.0004663585873574427, 0.0005935472930003816, 0.0007207359986433205, 0.0008479247042862594, 0.0009327171747148854, 0.0010175096451435113, 0.0011446983507864502, 0.001314283291643702, 0.001441471997286641, 0.0016534531733582059, 0.0018654343494297707, 0.0022470004663585875], "spectrum": [6816.336294255859, 2990.7076940446677, 996.6176834985163, 2095.899562351279, 2846.2259505876573, 2896.5058790696316, 3817.954423045333, 2293.0071175195267, 2494.0247297050196, 1451.4415825670621, 1376.677904361889, 923.9053402803472, 1361.7803019952205, 500.264144924979, 420.1133172417011]}, "stationary": 0, "optimal_lags": 1}, "general diffuse flows": {"seasonality": {"freq": [0.006952982575147327], "spectrum": [314353.40423145803]}, "stationary": 0, "optimal_lags": 1}, "diffuse flows": {"seasonality": {"freq": [0.006952982575147327, 0.02081655149022767], "spectrum": [206906.29183194184, 10520.508258156891]}, "stationary": 0, "optimal_lags": 1}, "Zone 2  Power Consumption": {"seasonality": {"freq": [4.239623521431297e-05, 0.0009751134099291983, 0.006952982575147327, 0.013863568915080341], "spectrum": [39.14019146528951, 21.876718755651037, 647.8145589034791, 95.64289859782242]}, "stationary": 0, "optimal_lags": 2}, "Zone 3  Power Consumption": {"seasonality": {"freq": [0.006952982575147327, 0.013863568915080341, 0.02081655149022767], "spectrum": [849.737170036753, 94.46368022293254, 60.129169785221684]}, "stationary": 0, "optimal_lags": 2}}
{"Target": {"seasonality": {"freq": [4.239623521431297e-05, 0.006952982575147327, 0.013905965150294654, 0.02085894772544198], "spectrum": [135.42796454039632, 581.8765734596903, 122.24007743679688, 21.957549668038734]}, "stationary": 0, "optimal_lags": 2}, "Temperature": {"seasonality": {"freq": [4.239623521431297e-05, 0.00038156611692881674, 0.006952982575147327], "spectrum": [278352.39503305906, 19369.979168526992, 91812.93572002384]}, "stationary": 0, "optimal_lags": 2}, "Humidity": {"seasonality": {"freq": [4.239623521431297e-05, 0.0001271887056429389, 0.0002543774112858778, 0.00038156611692881674, 0.0006359435282146946, 0.0008479247042862594, 0.0010175096451435113, 0.0011870945860007632, 0.001356679526858015, 0.0016958494085725188, 0.0018230381142154578, 0.0020350192902870226, 0.0025437741128587783, 0.006952982575147327, 0.013905965150294654], "spectrum": [185.08898575835266, 58.35955595201931, 64.5638873948575, 73.2117111312852, 96.48750511209066, 13.56072895776959, 44.57665914728018, 37.42617968174661, 49.611414048974304, 18.685685642494278, 20.103075334411674, 16.63260097025106, 15.67783115673349, 279.43949404977707, 15.288133006366388]}, "stationary": 0, "optimal_lags": 2}, "Wind Speed": {"seasonality": {"freq": [4.239623521431297e-05, 0.0002543774112858778, 0.00038156611692881674, 0.0007207359986433205, 0.0008055284690719464, 0.0009327171747148854, 0.0010175096451435113, 0.0011870945860007632, 0.001356679526858015], "spectrum": [20288.7604580848, 16862.931355319077, 3753.044063290706, 1353.9075351479264, 1690.3194101286058, 1163.8565063971928, 1687.930090898172, 954.7325445729707, 1135.487323448235]}, "stationary": 0, "optimal_lags": 2}, "general diffuse flows": {"seasonality": {"freq": [0.006952982575147327], "spectrum": [303343.9308140425]}, "stationary": 0, "optimal_lags": 1}, "diffuse flows": {"seasonality": {"freq": [0.006952982575147327, 0.02081655149022767], "spectrum": [192147.15461460993, 6603.8803222700135]}, "stationary": 0, "optimal_lags": 1}, "Zone 2  Power Consumption": {"seasonality": {"freq": [4.239623521431297e-05, 0.006952982575147327, 0.013905965150294654], "spectrum": [99.58398840391072, 635.6249759312258, 141.7307305570805]}, "stationary": 0, "optimal_lags": 2}, "Zone 3  Power Consumption": {"seasonality": {"freq": [4.239623521431297e-05, 0.00016958494085725188, 0.006952982575147327, 0.013905965150294654], "spectrum": [2043.7208307616804, 151.00526660197116, 758.6212871068426, 108.00327246625126]}, "stationary": 0, "optimal_lags": 2}}